,Degree,Excentricidad,Diametro,Radio,Camino m√°s corto promedio,Transitividad,Eficiencia Global,Rich Club Coefficient,Core Ratio,Central Point Dominance,Spectral radius,Modularidad,Average Collaborations,Clustering
0,4.383838383838384,4.540404040404041,5,3,3.330051786904579,0.08231707317073171,0.3321001897144762,0.022252986719991798,0.5959595959595959,0.11640796366810363,1.790722258674355,0.8924268061323899,13.423076923076923,0.12646470873888158
1,4.383838383838384,4.540404040404041,5,3,3.330051786904579,0.08231707317073171,0.3321001897144762,0.022252986719991798,0.5959595959595959,0.11640796366810363,1.790722258674355,0.8924268061323899,13.423076923076923,0.12646470873888158
2,4.388059701492537,4.537313432835821,5,3,3.290398009950249,0.11105871256779061,0.33477694859046886,0.021940298507462687,0.6119402985074627,0.13827637964574213,1.8044121916443199,0.9083582089552239,13.153846153846153,0.13647013615731024
3,4.702928870292887,4.686192468619247,6,3,3.3565627087655145,0.054567022538552785,0.3277152702085644,0.019760205337365073,0.6485355648535565,0.086862193567556,1.7905122791516426,0.8866776836257515,13.6,0.06596316325019008
4,4.597938144329897,4.474226804123711,5,3,3.2260028844613,0.09026798307475317,0.3414142763029709,0.023823513701191176,0.6494845360824743,0.15878741213697634,1.8215388727632988,0.8982426152449121,14.347826086956522,0.11675090089017064
5,4.662337662337662,4.525974025974026,5,3,3.2035480859010272,0.09544112823876681,0.34966895849243507,0.03047279517867753,0.6428571428571429,0.1064460936268723,1.8183088311435778,0.8854935913759443,13.19047619047619,0.11435294221437386
6,5.129032258064516,4.397849462365591,5,3,3.1030514385353096,0.0656498673740053,0.35572701733998385,0.027724498692240626,0.7096774193548387,0.09763865943653131,1.7467470810150127,0.8661435629177565,14.333333333333334,0.10247042790866748
7,4.6,4.571428571428571,5,3,3.292458418774208,0.07255877034358046,0.3347125389231638,0.02200956937799043,0.6666666666666666,0.09583949529633673,1.786322502225048,0.9033492822966507,13.642857142857142,0.06791926818574318
8,4.884615384615385,4.487179487179487,5,3,3.1523573200992554,0.12045060658578856,0.3546636338571422,0.0315136476426799,0.6602564102564102,0.13749698457072446,1.7709897230798206,0.849793217535153,13.7,0.14639292929593206
9,4.591836734693878,4.530612244897959,5,3,3.279330193615908,0.0746376811594203,0.33806296877733943,0.023547880690737835,0.5918367346938775,0.10068253925982436,1.7928955626259924,0.8981684981684982,13.25925925925926,0.12939000017573732
10,4.669642857142857,4.709821428571429,6,3,3.3468930172966047,0.07533687219273173,0.33003550074751037,0.020940102498398463,0.6473214285714286,0.09375283991299482,1.836976311238437,0.8977418321588725,14.214285714285714,0.08182773284033022
11,4.626086956521739,4.639130434782609,5,3,3.344218720334156,0.07567229518449031,0.3289639896210122,0.02020125308524777,0.6869565217391305,0.0982744466074603,1.794393582436917,0.890905638883615,13.89655172413793,0.0961585735114167
12,4.578199052132701,4.606635071090047,5,3,3.3198826450011283,0.06878184344603984,0.3326901376665524,0.021800947867298578,0.6208530805687204,0.11118527682262253,1.8454374218426652,0.9087339201083277,13.142857142857142,0.07726483747151153
13,4.680412371134021,4.458762886597938,5,3,3.212542065060627,0.08466603951081844,0.34287342200387405,0.024250841301212543,0.634020618556701,0.10045557716651421,1.777443632076216,0.8728700389936435,14.2,0.10679909758857128
14,5.068181818181818,4.494318181818182,5,3,3.1334415584415583,0.0982828739267962,0.3547456709957164,0.02896103896103896,0.6647727272727273,0.11030170162616713,1.8155694528727766,0.8653246753246753,13.8,0.11602171480758856
15,4.666666666666667,4.560846560846561,5,4,3.274062816616008,0.07535321821036106,0.3387143982889239,0.024822695035460994,0.671957671957672,0.09532551626024845,1.8118341100144661,0.8832601598559046,13.28,0.11851309551146216
16,4.825870646766169,4.641791044776119,6,3,3.283532338308458,0.08403552721475746,0.337913764510875,0.024129353233830846,0.6716417910447762,0.10140042096269775,1.8174018508694454,0.8899502487562189,13.5,0.10210738680982914
17,4.80188679245283,4.533018867924528,5,3,3.253599213091299,0.08451573103022826,0.3386151599154591,0.02275775731020299,0.660377358490566,0.09410594500581759,1.8043413599435028,0.8881337744791201,13.464285714285714,0.092500601524528
18,4.658064516129032,4.303225806451613,5,3,3.112274821952241,0.0895800933125972,0.35575338639850723,0.030247172182656053,0.6903225806451613,0.14728424783949312,1.7916018739566768,0.8688730624214496,13.0,0.1368649069200268
19,4.47953216374269,4.60233918128655,5,3,3.2654282765737874,0.06393442622950819,0.3409861254443417,0.02635018919848641,0.7076023391812866,0.10496731523587395,1.8062323942834986,0.8802201582387341,13.15,0.10801782624633993
20,4.983957219251337,4.5828877005347595,5,4,3.2219538841929736,0.09758364312267657,0.3447722001802302,0.02679546892070611,0.679144385026738,0.10959079140829381,1.8137339640624015,0.8661951584152723,13.0,0.12362869985002549
21,4.583850931677019,4.6770186335403725,6,3,3.254580745341615,0.10479134466769706,0.34394409937885584,0.028649068322981367,0.6149068322981367,0.11930434265122625,1.8070861519576558,0.8998447204968945,12.521739130434783,0.12177434769141308
22,4.75,4.5131578947368425,5,3,3.1869118159637506,0.11662452591656132,0.3512852910421197,0.03145695364238411,0.6513157894736842,0.11969405460151439,1.7978499654955633,0.887504356918787,13.045454545454545,0.14519305275239228
23,4.324675324675325,4.525974025974026,5,3,3.194890077243018,0.07917888563049853,0.34739693857335574,0.02826585179526356,0.6233766233766234,0.14154700112920204,1.8178872231889516,0.8911807147101265,13.0,0.09424453935870343
24,5.308108108108108,4.491891891891892,5,4,3.1351938895417155,0.09460359760159893,0.3536271053662961,0.028848413631022328,0.7351351351351352,0.12122860769169187,1.7954735550286913,0.8908930669800235,13.185185185185185,0.11350620673262267
25,4.473214285714286,4.665178571428571,5,4,3.369594811018578,0.06292286874154263,0.32731956011116864,0.020059256886611147,0.6651785714285714,0.10375163613278042,1.8211826274338367,0.909513132607303,13.444444444444445,0.09537620748427571
26,4.554913294797688,4.69364161849711,6,3,3.3688667831697807,0.10959698463322702,0.33348456333738014,0.02648205403952144,0.630057803468208,0.11706823052969169,1.8440347952088922,0.9131603710176099,13.136363636363637,0.13353323292468916
27,4.8108108108108105,4.585585585585585,5,3,3.3226937344584404,0.05799436165928312,0.33287269169634737,0.021768374709551182,0.6261261261261262,0.12038475497353857,1.842605282611081,0.8891606538665362,13.793103448275861,0.06723841916003974
28,4.441379310344828,4.448275862068965,5,3,3.120498084291188,0.08841463414634146,0.3567001915708337,0.030842911877394637,0.5586206896551724,0.13688565455455176,1.793308644638396,0.8877394636015326,12.904761904761905,0.14419948041952393
29,4.303921568627451,4.759803921568627,6,4,3.409108470974597,0.08402240597492665,0.32542258282633496,0.021201584081908625,0.6127450980392157,0.1151795400733841,1.8451785321780094,0.891915386844393,13.148148148148149,0.08261478975101266
30,5.025316455696203,4.379746835443038,5,3,3.0937676368620495,0.09796260117220207,0.3596965787846746,0.03200838506812868,0.7215189873417721,0.11687233447973897,1.754775567027943,0.8798677739256632,13.045454545454545,0.13286515007632818
31,4.804232804232805,4.5132275132275135,5,3,3.2159743329956094,0.0898716119828816,0.34432248864879705,0.02555442980974896,0.6931216931216931,0.11590713371178088,1.8130153882466888,0.879151187661826,14.041666666666666,0.11155940525755943
32,5.159090909090909,4.5227272727272725,5,3,3.1695454545454544,0.10352213231794384,0.35147186147188836,0.029480519480519482,0.6875,0.16149347281273482,1.8462745182363758,0.8761688311688312,13.521739130434783,0.09534493948369546
33,4.074626865671642,4.447761194029851,5,3,3.101784311525081,0.08703071672354949,0.35787790371447586,0.030636292223095052,0.5447761194029851,0.19140869038047414,1.7925572281504731,0.8884524744697565,13.5,0.13058375680518264
34,4.614678899082569,4.660550458715596,5,4,3.3848560436308293,0.0951188986232791,0.3273601657296295,0.021265801378260684,0.5504587155963303,0.0990704940444723,1.7990635461972195,0.9006468524077285,13.566666666666666,0.1262030256322052
35,5.041420118343195,4.5325443786982245,5,3,3.1724429416737108,0.0931578947368421,0.35195595003288555,0.030008453085376162,0.7159763313609467,0.11614595744686573,1.8113067888643362,0.883417864187095,13.333333333333334,0.10601660292190697
36,4.490566037735849,4.421383647798742,5,3,3.140593901759414,0.07736101808439384,0.35254358729397095,0.02842130403630284,0.6666666666666666,0.15820118431433178,1.8037037303551189,0.8555051349414855,12.9,0.09669037313978605
37,4.781818181818182,4.613636363636363,5,4,3.306807804068078,0.06957962311037481,0.33375674553768836,0.021834786218347862,0.6636363636363637,0.139042639654715,1.8130283949927402,0.8824408468244085,13.633333333333333,0.08533511098982492
38,5.009803921568627,4.75,6,4,3.2420071476866608,0.061251963203948843,0.34172703564194445,0.024678837052062204,0.7450980392156863,0.10248988526662188,1.785392328658607,0.8816768086544963,12.464285714285714,0.10241281483439701
39,5.126436781609195,4.505747126436781,5,3,3.129692379243904,0.08181116542320556,0.3550694306026549,0.02963258255265431,0.7586206896551724,0.10439695316049351,1.8136366189651423,0.8858547604810312,13.083333333333334,0.1021575189672572
40,4.825806451612904,4.4,5,3,3.102304147465438,0.11639021647455722,0.35822231531904647,0.03133640552995392,0.6129032258064516,0.11834966309410615,1.7935775989469933,0.8711353162966066,12.952380952380953,0.1451117697023854
41,4.227544910179641,4.664670658682635,6,4,3.258639347810403,0.061079063454360365,0.3410937161820862,0.025467138013130365,0.6826347305389222,0.12002989633278885,1.8316262183553107,0.8795180722891566,14.15,0.11618301839501122
42,4.1878453038674035,4.585635359116022,5,3,3.2660527931246164,0.06018518518518518,0.3376856967465066,0.023265807243707796,0.6187845303867403,0.12445738446372251,1.8243873542509268,0.892572130141191,13.125,0.09942929041018933
43,5.099526066350711,4.61611374407583,6,3,3.23714737079666,0.08513513513513514,0.34153689911994894,0.02428345745881291,0.7203791469194313,0.08503009806398876,1.7840364525877537,0.8831415030467163,13.928571428571429,0.08358732824316223
44,4.747368421052632,4.847368421052631,6,4,3.277972709551657,0.06551901336073998,0.3399563724125776,0.025118351434140908,0.6684210526315789,0.10426167181123963,1.8376307333926742,0.892676134781398,13.52,0.10416492245555409
45,5.092105263157895,4.368421052631579,5,3,3.025618682467759,0.09570957095709572,0.3667567096548781,0.03372255141164169,0.7105263157894737,0.16210770430668656,1.8003199453904977,0.8223248518647612,13.043478260869565,0.11766761129721227
46,4.913043478260869,4.36231884057971,5,3,3.0312070242251137,0.12108886107634544,0.368295779117696,0.03586163122818153,0.6956521739130435,0.1548100861967405,1.7818142302888706,0.852850946789379,14.88888888888889,0.18097989999837905
47,5.153061224489796,4.48469387755102,5,4,3.1457352171637885,0.11032531824611033,0.35051282051290716,0.02642595499738357,0.7091836734693877,0.1280515822179539,1.7690651797921375,0.9087388801674516,13.344827586206897,0.10028862541229008
48,5.053892215568863,4.520958083832335,5,3,3.1633359786451196,0.0949617515167502,0.3530445133828785,0.030445133828728085,0.7125748502994012,0.10880880399525623,1.7986840045218229,0.8733857586032754,13.130434782608695,0.11049247722638171
49,4.589041095890411,4.36986301369863,5,3,3.1028814359943317,0.10231660231660232,0.35828216028966664,0.03164855928200284,0.6095890410958904,0.1148218220501991,1.7659197551821677,0.8905054322153991,13.4,0.08447576916460621
50,4.338308457711443,4.840796019900497,6,4,3.3959701492537313,0.06432446396280031,0.32745771144287406,0.021691542288557214,0.5970149253731343,0.1134990465339468,1.8757380285107164,0.9021890547263681,13.48,0.09377957311006849
51,4.2406015037593985,4.458646616541353,5,3,3.1912736386420595,0.11886091621956253,0.3517391964760066,0.03212576896787423,0.6090225563909775,0.1551331720487598,1.8235050541761928,0.882319434951014,12.944444444444445,0.15636172127973527
52,4.548148148148148,4.311111111111111,5,3,3.028524046434494,0.11228197674418605,0.3665432098765047,0.03394140409065782,0.6518518518518519,0.158983168653582,1.8156728230420325,0.8841348811498065,13.9375,0.11416375943536085
53,4.516129032258065,4.445161290322581,5,3,3.171763720150817,0.08621883656509695,0.35030023739696037,0.02932551319648094,0.6774193548387096,0.13531899172108042,1.8071868810126863,0.8842899036447424,12.19047619047619,0.13952982468904626
54,4.571428571428571,4.398809523809524,5,3,3.1381522668947817,0.09773828756058159,0.35233699268130914,0.02737382378100941,0.6369047619047619,0.13776953350007226,1.7870850648252978,0.8557171371542629,14.68421052631579,0.1069053079516117
55,4.358208955223881,4.425373134328358,5,3,3.1038042868364943,0.08407940833008953,0.3600288033516329,0.03276848838514196,0.6343283582089553,0.16221169127518076,1.8579229961601194,0.8984401301761867,13.705882352941176,0.09752632037825991
56,4.8244897959183675,4.7673469387755105,6,3,3.415456674473068,0.08556430446194226,0.32451656072273594,0.019772499163599865,0.6448979591836734,0.09004519876662885,1.8256922438993586,0.8993308798929408,14.241379310344827,0.0939228251527511
57,4.31,4.94,6,4,3.4681407035175877,0.07623447877562807,0.3214522613066186,0.02165829145728643,0.635,0.09538025648489717,1.8381570133379466,0.9176381909547738,13.0,0.08542233588551326
58,4.9010989010989015,4.604395604395604,5,3,3.284075040981118,0.08492674447479513,0.34073421973980195,0.027077894481209397,0.6538461538461539,0.10781722050939055,1.8423163857869849,0.896970432882035,13.36,0.09823712752401256
59,5.0588235294117645,4.5,5,3,3.103724329968674,0.085041761579347,0.35719573036316393,0.029933867037939436,0.7352941176470589,0.10226117821876692,1.7461242590562942,0.8867386007657501,13.521739130434783,0.12693700230162736
60,4.792899408284024,4.550295857988166,5,4,3.2055508593970132,0.0859375,0.3475004696158603,0.02852916314454776,0.7041420118343196,0.10735143863825822,1.8154980820991158,0.8363623555931248,13.409090909090908,0.11114165505702303
61,3.9008264462809916,4.454545454545454,5,3,3.1320936639118457,0.08575883575883576,0.35703856749309815,0.032506887052341595,0.5867768595041323,0.19017538322860456,1.8597780545548632,0.868732782369146,14.285714285714286,0.1803883568284214
62,4.408450704225352,4.485915492957746,5,4,3.144541004894616,0.06573705179282868,0.35485299503874623,0.031265607831385475,0.676056338028169,0.14706063958733678,1.811068924915547,0.8819298771351514,13.15,0.11562652496282531
63,4.946341463414634,4.702439024390244,6,4,3.2776183644189385,0.06914650844363304,0.3382321058505659,0.0242467718794835,0.6926829268292682,0.08838265124841659,1.797822050141853,0.8860832137733142,12.586206896551724,0.09376173325940032
64,4.903225806451613,4.496774193548387,5,3,3.161709258483452,0.10471204188481675,0.35434576176507243,0.031839128613322165,0.6451612903225806,0.1055014081995929,1.8107214936722211,0.8888144113950566,12.363636363636363,0.12776165380886742
65,4.2994652406417115,4.74331550802139,6,4,3.3029153010177676,0.06560283687943262,0.33489448565355123,0.023115404519579094,0.6577540106951871,0.1110503722044391,1.8288503008413461,0.8889655568972457,13.416666666666666,0.09826586466131884
66,4.590909090909091,4.2272727272727275,5,3,3.056326625028915,0.1299254526091587,0.3645597193306823,0.03504510756419153,0.6212121212121212,0.14341417278580632,1.7930078829592702,0.8652556095304187,13.833333333333334,0.11968951482373662
67,4.3478260869565215,4.666666666666667,5,3,3.4147554054687865,0.08735689397710304,0.32487219173594983,0.021105951878429716,0.5893719806763285,0.11276628701062265,1.8484356194787561,0.9021152853993715,13.481481481481481,0.12691322779697642
68,4.569343065693431,4.386861313868613,5,3,3.1313868613138687,0.0981941309255079,0.35810970373546847,0.03359811077715758,0.6204379562043796,0.13960619387246068,1.8054702400139806,0.8791326749677973,12.68421052631579,0.1624251380461542
69,4.72189349112426,4.455621301775148,5,3,3.1684277261200338,0.10355987055016182,0.3498168498168541,0.028106508875739646,0.5976331360946746,0.13025831051037717,1.7938043097980594,0.8830656522964215,13.545454545454545,0.12056751238693426
70,4.481203007518797,4.473684210526316,5,3,3.1166552745500113,0.10228690228690229,0.3585137085136777,0.03394850763271816,0.6616541353383458,0.18401629708869305,1.8623768818952886,0.8961038961038961,13.588235294117647,0.1352165869554344
71,4.336,4.656,6,3,3.1531612903225805,0.08769633507853403,0.35836129032256353,0.03496774193548387,0.624,0.18386543434335115,1.9008246388943113,0.8860645161290323,13.25,0.16012887523068517
72,4.9004329004329,4.6017316017316015,5,3,3.329117259552042,0.07506950880444857,0.3319461697723535,0.021306230001882177,0.6753246753246753,0.10536027102761013,1.811558059843051,0.8877846790890269,13.366666666666667,0.08522081121360707
73,4.289308176100629,4.80503144654088,6,3,3.2960751532521297,0.07518531591951995,0.3401560385319263,0.027147520101902713,0.6540880503144654,0.1383609355147896,1.8673856867727794,0.8957089403709896,13.571428571428571,0.10405427723688021
74,4.606451612903226,4.535483870967742,5,4,3.155676581483033,0.07939133311280185,0.3531294511939172,0.029912023460410556,0.6774193548387096,0.11099284846611293,1.8067703905442214,0.8791788856304985,13.25,0.08983062484389329
75,3.8496240601503757,4.428571428571429,5,3,3.2025518341307815,0.10583446404341927,0.3483063719905513,0.029163818637502847,0.49624060150375937,0.1662400212073774,1.8292462304437644,0.8817498291182502,14.4375,0.15643398751335708
76,4.529801324503311,4.423841059602649,5,3,3.166269315673289,0.08556338028169014,0.3514760853568278,0.030198675496688743,0.7019867549668874,0.10005353929158627,1.7860854305065503,0.8830905077262693,13.55,0.10631489926498394
77,4.634730538922156,4.616766467065868,6,3,3.235625135271625,0.0780564263322884,0.3443859269412943,0.027920063487482865,0.718562874251497,0.12700974169412763,1.8426270097353186,0.8832696053675781,12.818181818181818,0.08081801984278765
78,4.639344262295082,4.245901639344262,5,3,3.007180598834846,0.11738604275917709,0.3718059883484448,0.038341688118141176,0.6475409836065574,0.17256483419041896,1.8288100498968063,0.8800975477577564,13.588235294117647,0.17524981843671344
79,4.2898550724637685,4.449275362318841,5,3,3.147360626256215,0.07530364372469636,0.3546546070030285,0.031312810747910716,0.5869565217391305,0.14318513614415868,1.8290260341704345,0.8847984766740717,12.947368421052632,0.09188360457423636
80,4.541062801932367,4.555555555555555,5,3,3.2877913793912104,0.0732865867450803,0.3353438706753263,0.022043994184137706,0.5990338164251208,0.11184069872400319,1.8328851003348514,0.879508465831809,14.076923076923077,0.1218678066642289
81,4.732824427480916,4.396946564885496,5,3,3.0638872577803875,0.1070615034168565,0.36544724995103434,0.0364063417498532,0.6870229007633588,0.15493944646924965,1.816991714080274,0.8549618320610687,13.166666666666666,0.1251141457823604
82,4.818897637795276,4.196850393700787,5,3,2.9545056867891515,0.09046909903201787,0.37679248427276874,0.03824521934758155,0.7165354330708661,0.1702226354140817,1.7879997974323458,0.8680164979377578,14.75,0.13755221615847998
83,5.082125603864735,4.531400966183575,5,3,3.2385441583415413,0.075,0.3420524365649929,0.02467051264012007,0.6570048309178744,0.10401826629193348,1.8325139967495472,0.8869190000469022,13.586206896551724,0.08282752047321343
84,4.890322580645162,4.535483870967742,5,3,3.1383326351068286,0.08184298272203698,0.35659544756314837,0.031755341432760785,0.7225806451612903,0.12048324260569422,1.8325736525367842,0.8861332216170926,13.227272727272727,0.11319224329714707
85,4.777777777777778,4.666666666666667,6,3,3.2216014897579144,0.0933298180859478,0.3449451686323611,0.02669149596523898,0.7055555555555556,0.12117033562840834,1.808085705404479,0.8883302296710118,14.0,0.1491388886527962
86,4.830188679245283,4.522012578616352,5,3,3.128492954382613,0.07565295706994897,0.3557559111535395,0.030570814425603058,0.7232704402515723,0.13739399840028943,1.8472047139137693,0.8884642942440888,13.227272727272727,0.08107056431999222
87,4.87248322147651,4.530201342281879,5,3,3.1487393433702158,0.11683532658693652,0.3557878348146243,0.032922183928895336,0.6644295302013423,0.13909325791828883,1.8156615323566685,0.8654997279158353,12.136363636363637,0.16292673710114366
88,4.491017964071856,4.508982035928144,5,3,3.2008513094293343,0.09191176470588236,0.3467065868263474,0.02705432508477022,0.7065868263473054,0.13778073655748332,1.8157536303207233,0.8883918909169612,13.571428571428571,0.14183474392649498
89,4.834645669291339,4.322834645669292,5,3,3.0172478440194976,0.08607987592089958,0.3712785901762022,0.03837020372453443,0.7086614173228346,0.15895891791404787,1.810812333220074,0.8637670291213598,13.0,0.10031564897663965
90,4.65,4.25,5,3,2.996218487394958,0.11661211129296235,0.37365079365078097,0.03907563025210084,0.6916666666666667,0.17494289397769042,1.7700316779908671,0.8872549019607843,13.8,0.18400989651839053
91,4.666666666666667,4.461538461538462,5,3,3.13631100082713,0.09045226130653267,0.3555872622001297,0.030107526881720432,0.6282051282051282,0.12602159894724232,1.797433828667338,0.8889991728701406,14.6,0.11091034841824628
92,4.459627329192546,4.496894409937888,5,3,3.2060559006211182,0.06605691056910569,0.3467883022774101,0.027872670807453415,0.6708074534161491,0.1627106351201239,1.7958081517487356,0.8936335403726708,13.363636363636363,0.11428126389211701
93,4.3076923076923075,4.092307692307692,5,3,3.062134764460346,0.09601052170100834,0.3618386006757824,0.033392963625521764,0.7,0.15043102208997763,1.8023227355071232,0.8534287418008348,14.0625,0.10959211369683249
94,4.817733990147783,4.684729064039409,6,4,3.3086865336779985,0.07624831309041835,0.3355395145426817,0.023850168268058334,0.6305418719211823,0.08904123238427124,1.8173092468789174,0.8883578012973711,13.0,0.1041180970705206
95,4.615384615384615,4.5266272189349115,5,3,3.2077345731191884,0.09657412876550502,0.345836855452244,0.027472527472527472,0.7041420118343196,0.11288168896178528,1.7933150002355804,0.8727810650887574,13.181818181818182,0.1289887120421501
96,4.7272727272727275,4.3426573426573425,5,3,3.0933714173150793,0.12047012732615084,0.36009389671356967,0.03329065300896287,0.5944055944055944,0.1401769705897687,1.7847293151052015,0.8695951935388555,12.619047619047619,0.16375179192607714
97,4.821782178217822,4.5,5,3,3.1944239200039406,0.08326105810928014,0.34468827479771946,0.023988966060785183,0.698019801980198,0.13346182199687617,1.846103405940898,0.8784788926653859,15.217391304347826,0.12297181260358915
98,4.5793103448275865,4.482758620689655,5,3,3.15316091954023,0.10762800417972831,0.3544907407406913,0.031800766283524906,0.6344827586206897,0.1514309024812014,1.7744035197188703,0.8853448275862069,12.75,0.15627132800120416
99,5.097744360902255,4.2631578947368425,5,3,2.9774436090225564,0.09807295251204405,0.3744626718310511,0.03861927546138073,0.7518796992481203,0.1205018221079891,1.7580783156804265,0.8741171109592162,12.571428571428571,0.12036062363848737
100,4.011834319526627,4.704142011834319,6,3,3.3227669766131305,0.0682295311406578,0.33486075889921574,0.023879966187658495,0.5976331360946746,0.13716507175158557,1.8328142980724655,0.9020850943927867,14.15,0.10072261410810901
101,4.7272727272727275,4.4787878787878785,5,3,3.177087952697709,0.10296921819667665,0.34983616654347377,0.028824833702882482,0.6545454545454545,0.1336196545516564,1.7991954423159437,0.88980044345898,14.136363636363637,0.14038528598642108
102,5.233009708737864,4.490291262135922,5,3,3.1437840397821453,0.06166797180892717,0.35053674323161943,0.02552687662798958,0.7233009708737864,0.11170170730566054,1.779183459929758,0.8664930144447075,14.958333333333334,0.10000499468209896
103,4.655555555555556,4.5777777777777775,6,3,3.246554934823091,0.11529878502355567,0.3413666459756154,0.02600869025450031,0.5722222222222222,0.15286153547101022,1.8500192963219273,0.8945375543140907,12.846153846153847,0.11701563104370519
104,4.51063829787234,4.4822695035460995,5,3,3.174873353596758,0.11071682044002838,0.35345660249911237,0.03221884498480243,0.6312056737588653,0.14575151037789705,1.842757322821381,0.865450861195542,13.833333333333334,0.15467471724283394
105,4.884353741496598,4.3061224489795915,5,3,3.09011275743174,0.12447384245339747,0.3608595036187491,0.03345447768148355,0.7142857142857143,0.11442301191696962,1.7897561692522692,0.8735439381231945,13.894736842105264,0.13717583692373603
106,4.380368098159509,4.5030674846625764,5,3,3.2463076573506022,0.08965083359547027,0.3431972531495182,0.027039309247898206,0.5950920245398773,0.12535269941286994,1.7997295001520224,0.8979777323335606,13.409090909090908,0.11111835210491491
107,4.538461538461538,4.415384615384616,5,3,3.116279069767442,0.11533934876422126,0.36107533293576877,0.035181872391174714,0.6307692307692307,0.15540077663295934,1.8151573355413126,0.8766845557543232,13.9375,0.13617874632939192
108,4.7534246575342465,4.383561643835616,5,3,3.1025980160604627,0.09446470003314551,0.3592473626200062,0.032782239017477566,0.6917808219178082,0.13937125110310414,1.8199099302643251,0.8967406707605101,13.6,0.11672829796163027
109,5.102803738317757,4.621495327102804,6,3,3.261287350269843,0.10109186746987951,0.3397466836325558,0.02395682506252468,0.6822429906542056,0.08757138481443363,1.7828663550420083,0.8860953885305604,13.148148148148149,0.1054829699377814
110,4.901734104046243,4.4508670520231215,5,3,3.1504234440112917,0.08868427429125272,0.35232446117311417,0.02849845409329211,0.653179190751445,0.12521374394891777,1.7964585680722287,0.8837209302325582,13.782608695652174,0.09940255092725023
111,4.22093023255814,4.633720930232558,5,3,3.356453148374813,0.09727126805778491,0.33237907430074376,0.024683802529579763,0.6046511627906976,0.12653647837654924,1.8438501497153232,0.8893648850809194,13.0,0.12014387574863282
112,4.861702127659575,4.6063829787234045,5,3,3.260382296051883,0.08376963350785341,0.3411869002921021,0.02599840709978382,0.723404255319149,0.09504052205484705,1.7925578499398598,0.8948116964387303,12.964285714285714,0.11146442699381595
113,4.466666666666667,4.466666666666667,5,3,3.226319056486654,0.1157066734331388,0.34269294434102676,0.02495344506517691,0.5666666666666667,0.1573053984577574,1.8011161382629346,0.8744258224705153,13.826086956521738,0.1324102140296822
114,5.297709923664122,4.213740458015267,5,3,2.9381092190252494,0.11303273625694873,0.3801820317087112,0.040751614797416326,0.7404580152671756,0.12361445467838589,1.7537966438439885,0.864826776277158,13.7,0.14465521844236212
115,4.764705882352941,4.382352941176471,5,3,3.0245098039215685,0.10120481927710843,0.3683006535947304,0.03529411764705882,0.6470588235294118,0.14491643841368254,1.7888650891672015,0.8929193899782135,13.444444444444445,0.16021524846373558
116,4.341463414634147,4.609756097560975,6,3,3.134079701452752,0.11605937921727395,0.3594850948509307,0.03558576569372251,0.6097560975609756,0.18581700517233815,1.8300559914704595,0.8668532586965214,13.125,0.10519085386577644
117,4.864583333333333,4.5625,5,3,3.2260580279232114,0.07011331444759207,0.3435036721932102,0.025469022687609075,0.7083333333333334,0.11074829445803587,1.8009476610991981,0.8821989528795812,13.26923076923077,0.07396782234186622
118,5.050632911392405,4.3164556962025316,5,3,3.0304764976215433,0.08510074231177095,0.36565078341258944,0.03216963637829558,0.7278481012658228,0.13031182517981207,1.7676638554047965,0.8821252922679996,13.894736842105264,0.14490514203890684
119,4.6187845303867405,4.640883977900552,6,3,3.252915899324739,0.08297180043383948,0.3416318804993232,0.02565991405770411,0.6685082872928176,0.13315915488014324,1.8144333912466735,0.8856967464702271,13.565217391304348,0.15507199923378312
120,5.115151515151515,4.448484848484848,5,3,3.1053954175905396,0.08346839546191248,0.35822493224932506,0.031189948263118994,0.7393939393939394,0.10734068011882397,1.7512550735940902,0.8594974131559497,12.653846153846153,0.13634943699147117
121,4.966666666666667,4.341666666666667,5,3,2.989075630252101,0.09234608985024959,0.37634920634919117,0.041736694677871146,0.7166666666666667,0.14500232698513615,1.772505607585148,0.8759103641456583,12.0,0.12283303411894379
122,5.329896907216495,4.469072164948454,5,3,3.1523957053576197,0.07024450891007045,0.35157309972765527,0.027616046151380802,0.7268041237113402,0.08556265941347675,1.7838752068343608,0.9104748677955238,13.423076923076923,0.08969154133504305
123,4.738738738738738,4.63963963963964,6,3,3.317679670620847,0.07257559958289886,0.332516679575638,0.021442256736374385,0.6711711711711712,0.0948318467025942,1.8055036687519455,0.8949084831437772,13.379310344827585,0.08026870928412681
124,4.696517412935323,4.54726368159204,5,3,3.239502487562189,0.07778274474742959,0.3410298507463612,0.023482587064676617,0.6616915422885572,0.10888299438092751,1.8237038703609836,0.8982587064676617,14.833333333333334,0.0987217164094611
125,4.6835443037974684,4.708860759493671,6,3,3.2464726275900992,0.10112359550561797,0.3455440887956838,0.029831492380875596,0.6835443037974683,0.15918867506634232,1.8526064439617829,0.867048294767395,13.363636363636363,0.15741398415762017
126,4.887417218543046,4.403973509933775,5,3,3.0952759381898454,0.10586176727909011,0.36046357615888264,0.03258278145695364,0.6754966887417219,0.13527303763093243,1.8073313982114207,0.8550993377483443,14.157894736842104,0.1503378872050334
127,4.346456692913386,4.480314960629921,5,3,3.125984251968504,0.10714285714285714,0.35835103945337754,0.03449568803899512,0.5590551181102362,0.1549117724740508,1.812602105670125,0.8690163729533809,12.823529411764707,0.14038107684163584
128,4.821192052980132,4.4635761589403975,5,3,3.1154966887417217,0.08210947930574099,0.3575217071375422,0.032141280353200886,0.7152317880794702,0.12642151107377092,1.7997691334778498,0.8634878587196468,12.904761904761905,0.10400046528787497
129,4.849557522123894,4.619469026548672,5,3,3.3448574237954767,0.06718292172457095,0.330365126188255,0.021553588987217306,0.6637168141592921,0.12546764270126043,1.8142897558979802,0.8889675516224189,13.642857142857142,0.06618964019583214
130,5.151515151515151,4.375757575757576,5,3,3.048410938654841,0.07639939485627836,0.36364252278886616,0.031411677753141166,0.7272727272727273,0.11873834747133648,1.7742637030990862,0.8626755358462675,13.96,0.09167602066225702
131,4.685714285714286,4.725714285714286,6,3,3.2244334975369457,0.07429829389102917,0.3457876299945519,0.026929392446633827,0.6971428571428572,0.19254748442010114,1.9103309164308702,0.8838752052545156,13.545454545454545,0.11690090088620768
132,5.169014084507042,4.380281690140845,5,3,3.0159824193387275,0.10714285714285714,0.370429194552608,0.036659674358205975,0.7323943661971831,0.11576076809066742,1.7832862540794556,0.8618519628408751,13.8,0.17388295803915593
133,4.224852071005917,4.538461538461538,5,3,3.225838264299803,0.06399482870071105,0.3432058326289104,0.02514792899408284,0.621301775147929,0.13530745224804436,1.81075255708961,0.8896167934629473,14.19047619047619,0.09529082798211498
134,4.258823529411765,4.670588235294118,6,3,3.3281587191089455,0.10316742081447963,0.3350643926209556,0.02520013922728855,0.5647058823529412,0.16754142030901328,1.8765136242732523,0.892725374173338,13.565217391304348,0.1249717656354653
135,4.63030303030303,4.2727272727272725,5,3,3.124538063562454,0.11670293797606093,0.35348361665434713,0.028233555062823355,0.6363636363636364,0.14140104641542203,1.792262334965972,0.8843311160384331,14.227272727272727,0.15184808640455424
136,4.84,4.53,5,3,3.2453768844221105,0.12030075187969924,0.3406658291458141,0.024321608040201004,0.665,0.11486956567248095,1.8040488761560445,0.8648743718592965,14.11111111111111,0.1327585733763211
137,4.524822695035461,4.453900709219858,5,3,3.099290780141844,0.10359116022099447,0.3601401553528738,0.03232016210739615,0.6312056737588653,0.1395185660346046,1.8173307968111352,0.8560283687943262,14.277777777777779,0.15423012408871795
138,4.745762711864407,4.5875706214689265,5,4,3.2471751412429377,0.07485760781122865,0.34341508303376134,0.026964560862865947,0.6497175141242938,0.11657079682569126,1.8111000281111032,0.8863636363636364,12.52,0.10237123086900982
139,3.7925925925925927,4.496296296296296,5,3,3.241680486456606,0.09672762271414823,0.34389902340147677,0.02830292979546711,0.5185185185185185,0.19632417024880844,1.8636513034867825,0.89297954671089,12.38888888888889,0.16016768319399893
140,4.7555555555555555,4.544444444444444,5,3,3.2065797641216633,0.08382590005373455,0.34536726670808326,0.026567349472377405,0.6666666666666666,0.11706345734708869,1.8059831366112367,0.8598386095592799,13.166666666666666,0.11676562171918209
141,4.881987577639752,4.416149068322981,5,3,3.137888198757764,0.08388454600120264,0.35400621118010644,0.030512422360248447,0.7391304347826086,0.10171376766953868,1.7611449482336732,0.875,12.958333333333334,0.0856978367638669
142,4.331550802139038,4.657754010695188,6,3,3.300097751710655,0.06877539175856065,0.33510628102663587,0.023287907538381922,0.6203208556149733,0.14586204036889502,1.8259266975073898,0.8879880397906963,13.115384615384615,0.0930099511682462
143,4.701030927835052,4.592783505154639,5,4,3.2518562042625927,0.06610169491525424,0.3409504478037979,0.024357673201217882,0.6494845360824743,0.11019085143712187,1.8219293357453883,0.8820041664441002,14.04,0.08253990925559548
144,4.91588785046729,4.574766355140187,5,3,3.2684392962134177,0.09087355872581591,0.337606950111986,0.02307928568294502,0.677570093457944,0.09380381177829572,1.8108662293139925,0.8805668904392084,14.214285714285714,0.11405103041750664
145,4.825396825396825,4.608465608465608,6,3,3.2189012720927614,0.08046817849305048,0.34396975496272747,0.025667004390408647,0.671957671957672,0.11550903256755436,1.8165854048515253,0.9137115839243499,13.08,0.08015256989745664
146,4.325842696629214,4.426966292134831,5,3,3.1912016758712625,0.1178052716514255,0.3450231701898447,0.024439789246492732,0.5842696629213483,0.13842418300791243,1.8828171470610355,0.9112549990478004,14.285714285714286,0.12512416131096044
147,4.742857142857143,4.611428571428571,6,3,3.209458128078818,0.08053166536356529,0.34746688560485145,0.027257799671592774,0.6514285714285715,0.12213647141955469,1.8098097669727222,0.8698193760262726,13.125,0.12609306328346576
148,4.9113924050632916,4.3544303797468356,5,3,3.0873982101104573,0.10770505385252693,0.3590099169555475,0.03128275417237765,0.6708860759493671,0.11038137131183849,1.7750273672053654,0.8667257921470612,13.772727272727273,0.12113828196908397
149,4.987341772151899,4.4113924050632916,5,3,3.070789325163267,0.08539709649871904,0.36187481523284853,0.03176650810287834,0.7468354430379747,0.1188418386329718,1.7853750390269958,0.8831734257840845,13.409090909090908,0.14586452007176676
150,4.939597315436242,4.2885906040268456,5,3,3.0807183021948124,0.09520903265181568,0.3615620654210749,0.033375657536731364,0.697986577181208,0.13284482475873008,1.7785655412159083,0.8791946308724832,12.863636363636363,0.13980594491249201
151,4.854054054054054,4.551351351351351,5,3,3.1783783783783783,0.10301624129930395,0.3479151978065576,0.0263807285546416,0.6432432432432432,0.11206909699579995,1.782246915109846,0.8880728554641598,13.115384615384615,0.09320851293312717
152,4.420289855072464,4.521739130434782,5,3,3.1891463027610283,0.08968058968058969,0.35188476321446116,0.03226488945308368,0.6304347826086957,0.12046264518702784,1.7948718301107622,0.8919919602242674,12.75,0.2011743946835225
153,5.18232044198895,4.419889502762431,5,3,3.1055862492326582,0.07939380230717033,0.35696951094746315,0.028790669122160835,0.7458563535911602,0.10077074072364184,1.7736179866137889,0.8814610190300798,14.590909090909092,0.08947914906635235
154,4.97979797979798,4.409090909090909,5,3,3.1787417320412246,0.10351126446113254,0.34644926421584216,0.025278162333999897,0.702020202020202,0.09659016682465744,1.7940685771718372,0.9049889760549659,14.333333333333334,0.09348413611255324
155,4.8,4.511764705882353,5,3,3.1788374521406197,0.07995558023320377,0.35001740341108073,0.028402366863905324,0.6823529411764706,0.10472849909806707,1.78694294810999,0.8953010790114863,13.25,0.07784565513961264
156,4.942222222222222,4.902222222222222,6,4,3.372301587301587,0.08316347329800244,0.32924338624351435,0.022063492063492063,0.7111111111111111,0.10471656991311076,1.8546977760719794,0.8344047619047619,13.482758620689655,0.09775210024968149
157,4.607929515418502,4.709251101321586,6,4,3.3099294374488326,0.06546134663341646,0.3325081543280764,0.020389068652294257,0.6519823788546255,0.10019993436601501,1.8185869496780547,0.8856574792405754,13.925925925925926,0.08406270390386686
158,4.989583333333333,4.510416666666667,5,3,3.2162412739965096,0.09839228295819935,0.34551792466558756,0.02612347294938918,0.65625,0.10309791664545696,1.7958860036452327,0.8697643979057592,13.592592592592593,0.11643093332426958
159,5.181286549707602,4.4678362573099415,5,3,3.0977640178878567,0.0822227809906965,0.35822841417270984,0.030478156174750602,0.7368421052631579,0.12882563587030532,1.8175254230230367,0.8745098039215686,13.826086956521738,0.10057666842403616
160,4.606060606060606,4.570707070707071,5,3,3.293800953699431,0.07519884309472162,0.33630808935385664,0.023381018304876173,0.6666666666666666,0.1028547019010912,1.8446637609582839,0.8762241706404142,13.62962962962963,0.10235417070134205
161,5.124378109452737,4.611940298507463,5,4,3.23318407960199,0.07236700409218177,0.3432437810946179,0.02562189054726368,0.7313432835820896,0.09257441669166383,1.8307390715187897,0.8902487562189054,13.571428571428571,0.08923226773577439
162,4.584415584415584,4.48051948051948,5,3,3.1552499787793904,0.06843718079673136,0.35214752567688806,0.029963500551735845,0.6428571428571429,0.12745962012088577,1.8536518222009137,0.9098548510313216,12.727272727272727,0.0982966182164043
163,4.517647058823529,4.511764705882353,5,3,3.202018795683954,0.07869142351900972,0.3461874927485933,0.02673163940132266,0.6294117647058823,0.11664831164252748,1.815770313688585,0.8877828054298642,12.954545454545455,0.10403676877954245
164,5.0228310502283104,4.6118721461187215,5,3,3.3133509279041515,0.09166352319879291,0.33487704746357994,0.02304050940471702,0.6621004566210046,0.0877679469182111,1.8007875261848438,0.8943068995852709,14.142857142857142,0.0944742884998686
165,4.626373626373627,4.6098901098901095,6,3,3.29554975411329,0.07563739376770538,0.33798089571575257,0.02556007528383219,0.6538461538461539,0.10760564189424834,1.8208087919685643,0.8851314431424928,13.291666666666666,0.0911021767962996
166,4.53551912568306,4.5136612021857925,5,3,3.192457815408635,0.08927231807951988,0.3460047238736337,0.02492043475650033,0.6120218579234973,0.13708969077255326,1.8320149201018734,0.89779619287816,14.130434782608695,0.12397241746762444
167,4.329411764705882,4.605882352941176,5,3,3.2941176470588234,0.07104,0.33855319642650794,0.025617821092934215,0.6235294117647059,0.1506808480744459,1.8404198124258342,0.8806822137138879,13.476190476190476,0.1088003699962634
168,4.634730538922156,4.610778443113772,5,4,3.2487555010461007,0.10901162790697674,0.3446841257244591,0.027920063487482865,0.6407185628742516,0.13317359465698148,1.8485954530857343,0.8979871582136931,13.227272727272727,0.11878777774729854
169,4.938388625592417,4.6350710900473935,5,3,3.274565560821485,0.07906675307841866,0.33775972316267955,0.023516136312344844,0.7298578199052133,0.09170611812536354,1.7998076934285103,0.8892800722184608,13.666666666666666,0.10239406042248707
170,4.5030674846625764,4.607361963190184,5,3,3.289934105885026,0.09630818619582665,0.34035320255495016,0.02779671286828751,0.6319018404907976,0.14051867635711235,1.8442762780461566,0.866999924259638,12.56,0.1023626280539623
171,4.470588235294118,4.831932773109243,6,4,3.4788143105343403,0.1020247690190682,0.31814464182310054,0.018863241499131298,0.5714285714285714,0.1261453818105367,1.8594216667414982,0.9095486295784136,14.166666666666666,0.10557739872129325
172,4.72289156626506,4.554216867469879,5,3,3.2475355969331874,0.10609037328094302,0.3443860289643416,0.028623585250091274,0.6686746987951807,0.11936859538282477,1.8200346740490347,0.8562979189485214,13.434782608695652,0.12266749532532276
173,4.722466960352423,4.5506607929515415,5,3,3.368289735292971,0.0966092062890699,0.3278637609970879,0.02089587150598417,0.5859030837004405,0.09094485889013647,1.8258369400308536,0.8926357646875366,13.387096774193548,0.12861343298853478
174,5.061224489795919,4.779591836734694,6,4,3.3089662094345935,0.06828158023085677,0.3336768149883525,0.02074272331883573,0.6408163265306123,0.08759111120748943,1.8085685008094876,0.8861492137838742,14.612903225806452,0.08913913566700928
175,4.728260869565218,4.679347826086956,6,4,3.2927061059634117,0.06857614982098595,0.3383454106280773,0.025837491090520314,0.6902173913043478,0.12259046608802206,1.8250564195626804,0.8686148728914231,12.576923076923077,0.09298047262321656
176,4.959641255605381,4.834080717488789,6,4,3.307275885751222,0.07411764705882352,0.3351162822016185,0.022340726376600815,0.6995515695067265,0.08632627552245059,1.841469912217208,0.8842564537631802,13.931034482758621,0.07718026066442357
177,5.085972850678733,4.728506787330317,6,4,3.3036610448375154,0.08383894098179813,0.33579459755944274,0.023118058412176058,0.6742081447963801,0.10627053163549216,1.893081528220687,0.8855203619909502,13.777777777777779,0.114062904008415
178,4.808080808080808,4.5,5,3,3.237860841921756,0.08594815825375171,0.34135859440435445,0.02440650156386197,0.6666666666666666,0.13321759552334175,1.8390186020536818,0.8646362098138748,13.846153846153847,0.10283274802549695
179,4.9361702127659575,4.712765957446808,6,4,3.276538855387416,0.08745247148288973,0.3399960177495285,0.02639663215382865,0.723404255319149,0.10163569365189987,1.8152523276088508,0.8727386505859597,12.814814814814815,0.08433956343945416
180,4.610526315789474,4.578947368421052,5,3,3.274129768866611,0.08712121212121213,0.33849902534119136,0.024394319131161236,0.6736842105263158,0.11072948131791777,1.8192329420391589,0.8693957115009746,14.375,0.12179093924329021
181,4.879518072289157,4.4879518072289155,5,3,3.1687477181453083,0.0660321237358715,0.3515492272118783,0.029572836801752465,0.7228915662650602,0.12076841866099841,1.8296883168543463,0.872654253377145,14.0,0.08404793377703593
182,4.455089820359281,4.658682634730539,6,3,3.2483226318447445,0.07407407407407407,0.3424957314287011,0.026837890484092058,0.7125748502994012,0.12666333912071956,1.8320600342388438,0.8976264338792295,13.0,0.11691515204016177
183,4.092485549132948,4.5491329479768785,5,3,3.3167092351122465,0.10191884240327147,0.335173858493537,0.023793520634493883,0.5317919075144508,0.14692670667916843,1.8522958126220859,0.9039521441053905,13.333333333333334,0.15711993703563903
184,5.246511627906977,4.53953488372093,5,4,3.169876113888285,0.08049886621315193,0.34728682170554687,0.024516409476200825,0.7906976744186046,0.09318959661077157,1.7984583151925704,0.849858726363834,14.407407407407407,0.10019229237950784
185,5.0,4.535294117647059,6,3,3.183710407239819,0.09844961240310078,0.35054878756237623,0.029585798816568046,0.6764705882352942,0.11251173963252348,1.79674430991011,0.8615384615384616,13.625,0.12207685219463386
186,5.065326633165829,4.582914572864322,5,4,3.228770113192224,0.06824324324324324,0.3434326514729412,0.025582457743261764,0.7437185929648241,0.08687601324013405,1.7935511228753458,0.8691944571341557,13.407407407407407,0.07876196097945323
187,4.709090909090909,4.672727272727273,6,3,3.349107513491075,0.07163989856297548,0.3305859969559892,0.021502698215026983,0.6136363636363636,0.11110991278054869,1.8225899225708155,0.8879618098796181,14.074074074074074,0.08945715148157525
188,5.138613861386139,4.678217821782178,6,4,3.2582631397468105,0.09132325533236695,0.3411129172619773,0.025565243091473327,0.7079207920792079,0.08295084583006289,1.8198544210625789,0.8936013004285503,13.333333333333334,0.09049347883540004
189,4.754491017964072,4.514970059880239,5,3,3.232378616261453,0.09229442208165613,0.3461655003246519,0.02864151215641007,0.6586826347305389,0.09737913821075192,1.8100730941851815,0.8862996897770724,13.26086956521739,0.10074698443189856
190,4.661290322580645,4.721774193548387,6,4,3.423174872665535,0.051287089801532716,0.32227591310790976,0.018871620739192897,0.6612903225806451,0.09350383919732683,1.8485556316371436,0.8930716990988637,13.65625,0.08109878225097009
191,4.616541353383458,4.804511278195489,6,4,3.4485175202156335,0.06425293217746048,0.31937863526745136,0.01742091076748475,0.6203007518796992,0.08170101325389174,1.8248997317896356,0.9065966803801958,14.59375,0.05896540730985596
192,4.81437125748503,4.550898203592815,5,3,3.2237212322343267,0.09580838323353294,0.3465009739557031,0.029002236490873676,0.7005988023952096,0.1320235699868875,1.8348102761015643,0.8987086068826203,13.590909090909092,0.10539617680206709
193,4.958579881656805,4.443786982248521,5,3,3.136094674556213,0.09720837487537388,0.3538625904010702,0.029515356438433362,0.650887573964497,0.13888302362025884,1.821825788040639,0.8844744998591152,12.916666666666666,0.12257410762421835
194,4.809523809523809,4.695238095238095,6,4,3.314012303485988,0.09246575342465753,0.3341915394548087,0.02301207564365459,0.6523809523809524,0.09785232386331288,1.8034521292284929,0.8929596719070403,12.625,0.0860844486090243
195,4.407766990291262,4.631067961165049,5,3,3.364622306417239,0.07796178343949045,0.3286849790828938,0.021501302391664694,0.6213592233009708,0.13037158764637907,1.811612671098676,0.8906938195595548,14.08,0.09510512431915777
196,4.755102040816326,4.612244897959184,5,4,3.2658817373103086,0.08615234850328547,0.339276120704776,0.024385138670852957,0.6785714285714286,0.1029335196866913,1.8265505218347622,0.8823652537938252,13.24,0.09971486215055661
197,4.73015873015873,4.550264550264551,5,3,3.207531239446133,0.08092345078979343,0.34492757701984,0.025160418777440054,0.671957671957672,0.10491427314689501,1.7734026033186543,0.8862996735337161,13.185185185185185,0.11015443314936256
198,4.623655913978495,4.56989247311828,5,3,3.2240046498111012,0.07790143084260731,0.3433430204398506,0.024992734670154025,0.7204301075268817,0.10615661249279945,1.7897515275368798,0.8697471665213601,13.375,0.08715097784399108
199,4.323529411764706,4.578431372549019,5,3,3.314981164879745,0.08858405022087887,0.33255658585282766,0.02129817444219067,0.5588235294117647,0.11508783824265423,1.8004118466030674,0.8722109533468559,14.0,0.11704335007021488
200,4.8246445497630335,4.559241706161138,5,3,3.297991424057775,0.12041682747973756,0.335240352065106,0.022974497856014443,0.6161137440758294,0.10058816265205048,1.8472336922843045,0.8957345971563981,14.62962962962963,0.1361746905287034
